alpha,gamma_exp,M_0,rho_max,n_mob,ic_mode,rho_mean_ic,noise_amplitude,eta,n_steps,lambda_1,lambda_1_r2,G0_fit,lambda_2,total_rho_change_pct,scale_factor_ratio,basins_initial,basins_final,basins_max,basins_grew,horizon_frac,rho_final_max,rho_final_min,rho_final_std,lap_pos_frac,lap_mean,lap_std,w_eff,has_inflation,has_structure_formation,has_residual_gradient,has_thinning,has_heat_death,phase_sequence,error,rho_mean,N,cfl_safety,seed
0.1,0.1,1.0,100.0,2,uniform_noise,50.0,0.5,3.9999999999999974e-08,20000,0.43972678683694316,0.9999999998507895,0.2707138335975083,-0.033468727012164856,3.82666967390194e-06,1.0003430457204607,82,82,82,False,0.0,51.45660781551971,48.92671786784733,0.4690160797904186,0.53125,0.0,1.0490649520337303,-1.0000372024145614,False,False,False,False,False,transition,,50.0,256,0.4,42
0.2,0.1,1.0,100.0,2,uniform_noise,50.0,0.5,1.9999999999999987e-08,20000,0.439731620901383,0.9999999999627047,0.27071383411980904,-0.029436676232995663,1.6831197526992618e-06,1.0001715100383362,82,82,82,False,0.0,51.45676939245415,48.92653658712753,0.46909910125862636,0.53125,0.0,1.0494039056770441,-1.000032720198569,False,False,False,False,False,transition,,50.0,256,0.4,42
0.4,0.1,1.0,100.0,2,uniform_noise,50.0,0.5,9.999999999999994e-09,20000,0.4397260597996542,0.9999999999906974,0.27071383425037826,-0.021364491821714064,6.108380087801342e-07,1.0000857502579694,82,82,82,False,0.0,51.45685019331522,48.92644592331443,0.4691406238979924,0.53125,0.0,1.049573429243772,-1.0000237479004053,False,False,False,False,False,transition,,50.0,256,0.4,42
0.6,0.1,1.0,100.0,2,uniform_noise,50.0,0.5,6.6666666666666635e-09,20000,0.4397171131476129,0.9999999999958634,0.27071383427454354,-0.013290532728966168,2.533360698662155e-07,1.0000571648589107,82,82,82,False,0.0,51.45687712877219,48.92641569856806,0.4691544665417086,0.53125,0.0,1.0496299440259775,-1.0000147735163554,False,False,False,False,False,transition,,50.0,256,0.4,42
0.8,0.1,1.0,100.0,2,uniform_noise,50.0,0.5,4.999999999999997e-09,20000,0.4397073315973059,0.9999999999976162,0.27071383428294016,-0.005216077447267525,7.457034324982167e-08,1.0000428723840182,82,82,82,False,0.0,51.45689059684441,48.92640058554308,0.46916138819473124,0.53125,0.0,1.0496582027159067,-1.000005798226549,False,False,False,False,False,transition,,50.0,256,0.4,42
1.0,0.1,1.0,100.0,2,uniform_noise,50.0,0.5,3.999999999999998e-09,20000,0.4396971999496449,0.9999999999985419,0.2707138342870708,0.00285845724836668,-3.269245359910422e-08,1.0000342969690355,82,82,82,False,0.0,51.45689867779961,48.92639151752026,0.4691655412924627,0.53125,0.0,1.0496751583454562,-0.9999968224466034,False,False,False,False,True,heat_death,,50.0,256,0.4,42
1.2,0.1,1.0,100.0,2,uniform_noise,50.0,0.5,3.3333333333333317e-09,20000,0.43968687692796604,0.9999999999989438,0.2707138342890382,0.010933184550211297,-1.0420384243195584e-07,1.0000285800550575,82,82,82,False,0.0,51.45690406514485,48.926385472083204,0.4691683100685678,0.53125,0.0,1.049686462271679,-0.9999878460336002,False,False,False,False,True,heat_death,,50.0,256,0.4,42
1.4,0.1,1.0,100.0,2,uniform_noise,50.0,0.5,2.857142857142856e-09,20000,0.4396764499405954,0.9999999999992653,0.2707138342904472,0.019007906012224227,-1.5528385879433764e-07,1.000024496558951,82,82,82,False,0.0,51.45690791327542,48.9263811538729,0.46917028778698094,0.53125,0.0,1.0496945365891073,-0.9999788692005841,False,False,False,False,True,heat_death,,50.0,256,0.4,42
1.7,0.1,1.0,100.0,2,uniform_noise,50.0,0.5,2.352941176470587e-09,20000,0.43966076123157816,0.9999999999994098,0.2707138342911847,0.03112033418746474,-2.0937136433576733e-07,1.0000201728743132,82,82,82,False,0.0,51.4569119877819,48.92637658161013,0.46917238186194404,0.53125,0.0,1.0497030859437477,-0.999965402764274,False,False,False,False,True,heat_death,,50.0,256,0.4,42
2.0,0.1,1.0,100.0,2,uniform_noise,50.0,0.5,1.999999999999999e-09,20000,0.4396450440363993,0.9999999999996543,0.27071383429211904,0.043232278887306456,-2.472301316760642e-07,1.000017146304115,82,82,82,False,0.0,51.45691483995069,48.92637338100346,0.46917384772473325,0.53125,0.0,1.0497090705407854,-0.9999519359012622,False,False,False,False,True,heat_death,,50.0,256,0.4,42
0.1,0.2,1.0,100.0,2,uniform_noise,50.0,0.5,1.9999999999999978e-07,20000,0.43963693158202677,0.9999999962700947,0.27071381688844987,-0.02550391448766348,1.4560081459703379e-05,1.0017160547744168,82,82,82,False,0.0,51.45531319993402,48.928162546339045,0.46835307356344397,0.53125,0.0,1.0463578588403628,-1.0000283548615831,False,False,False,False,False,transition,,50.0,256,0.4,42
0.2,0.2,1.0,100.0,2,uniform_noise,50.0,0.5,9.999999999999989e-08,20000,0.43967371011431217,0.9999999990681702,0.27071382994370125,-0.013590679695124178,3.882755310197414e-06,1.000857731376282,82,82,82,False,0.0,51.45612009412485,48.92725801630611,0.4687672299152005,0.53125,0.0,1.048048892601532,-1.0000151086456315,False,False,False,False,False,transition,,50.0,256,0.4,42
0.4,0.2,1.0,100.0,2,uniform_noise,50.0,0.5,4.9999999999999945e-08,20000,0.4396711259181445,0.9999999997673077,0.27071383320697023,0.010276107939951684,-1.4685306520377048e-06,1.0004287712439184,82,82,82,False,0.0,51.4565238506789,48.926805166035926,0.4689746051466215,0.53125,0.0,1.0488955760459604,-0.9999885760690886,False,False,False,False,False,transition,,50.0,256,0.4,42
0.6,0.2,1.0,100.0,2,uniform_noise,50.0,0.5,3.333333333333331e-08,20000,0.43965162087094073,0.9999999998966932,0.2707138338110951,0.03415186348083579,-3.254166215804313e-06,1.0002858143907336,82,82,82,False,0.0,51.456658482076506,48.926654129146655,0.4690437742826941,0.53125,0.0,1.0491779768667946,-0.9999620317497603,False,False,False,False,False,transition,,50.0,256,0.4,42
0.8,0.2,1.0,100.0,2,uniform_noise,50.0,0.5,2.4999999999999972e-08,20000,0.4396278855759414,0.9999999999419524,0.27071383402248067,0.0580298614190243,-4.1473355536014465e-06,1.0002143415621025,82,82,82,False,0.0,51.45672580638065,48.926578594419205,0.46907836711608225,0.53125,0.0,1.0493192097312314,-0.999935481961163,False,False,False,False,False,transition,,50.0,256,0.4,42
1.0,0.2,1.0,100.0,2,uniform_noise,50.0,0.5,1.999999999999998e-08,20000,0.4396024581122014,0.9999999999628896,0.2707138341202983,0.08190875715300157,-4.6833497315121794e-06,1.0001714596562,82,82,82,False,0.0,51.45676620371725,48.92653326837116,0.46909912546153715,0.53125,0.0,1.0494039598371456,-0.999908927956797,False,False,False,False,False,transition,,50.0,256,0.4,42
1.2,0.2,1.0,100.0,2,uniform_noise,50.0,0.5,1.6666666666666654e-08,20000,0.43957618461104053,0.9999999999742555,0.2707138341734051,0.1057881005472153,-5.040739371004161e-06,1.0001428724653019,82,82,82,False,0.0,51.456793136422505,48.92650304883411,0.46911296546091563,0.53125,0.0,1.04946046423618,-0.9998823701562151,False,False,False,False,False,transition,,50.0,256,0.4,42
1.4,0.2,1.0,100.0,2,uniform_noise,50.0,0.5,1.4285714285714274e-08,20000,0.4395494276682743,0.9999999999811064,0.2707138342054144,0.12966770240853753,-5.296040744765741e-06,1.0001224534088975,82,82,82,False,0.0,51.456812374631305,48.92648146238663,0.46912285171474255,0.53125,0.0,1.0495008266414463,-0.9998558087347136,False,False,False,False,False,transition,,50.0,256,0.4,42
1.7,0.2,1.0,100.0,2,uniform_noise,50.0,0.5,1.1764705882352929e-08,20000,0.4395087586412406,0.999999999987207,0.27071383423390805,0.1654873803688025,-5.566380460088438e-06,1.000100833563395,82,82,82,False,0.0,51.45683274500982,48.92645860518201,0.4691333200034612,0.53125,0.0,1.049543565231743,-0.9998159600091141,False,False,False,False,False,transition,,50.0,256,0.4,42
2.0,0.2,1.0,100.0,2,uniform_noise,50.0,0.5,9.99999999999999e-09,20000,0.4394677064048555,0.9999999999907616,0.27071383425061274,0.2013072719079003,-5.755631319052229e-06,1.0000856998748842,82,82,82,False,0.0,51.45684700458755,48.92644260454736,0.46914064810577655,0.53125,0.0,1.0495734834236279,-0.9997761034754153,False,False,False,False,False,transition,,50.0,256,0.4,42
0.1,0.3,1.0,100.0,2,uniform_noise,50.0,0.5,1.3333333333333347e-06,20000,0.4390490337687083,0.9999998340256356,0.270713061231362,-0.01037383298390376,3.9111384016362816e-05,1.0114806782396488,82,82,82,False,0.0,51.44617843970432,48.938256774988496,0.46371447980619956,0.52734375,0.0,1.027409136723718,-1.0000115489122632,False,False,False,False,False,transition,,50.0,256,0.4,42
0.2,0.3,1.0,100.0,2,uniform_noise,50.0,0.5,6.666666666666673e-07,20000,0.43936018826950046,0.9999999586011835,0.2707136411202784,0.015931033166655704,-3.019392289633433e-05,1.0057280252651288,82,82,82,False,0.0,51.45151127746915,48.93231417374246,0.4664310818022533,0.52734375,0.0,1.0385080226953776,-0.999982276964956,False,False,False,False,False,transition,,50.0,256,0.4,42
0.4,0.3,1.0,100.0,2,uniform_noise,50.0,0.5,3.3333333333333367e-07,20000,0.4394750894625865,0.9999999896805748,0.2707137860595806,0.06880806486431916,-6.539526186409721e-05,1.0028606720242534,82,82,82,False,0.0,51.45419132967832,48.929317197843204,0.4678024055837317,0.53125,0.0,1.0441086688562298,-0.9999234720751694,False,False,False,False,False,transition,,50.0,256,0.4,42
0.6,0.3,1.0,100.0,2,uniform_noise,50.0,0.5,2.2222222222222248e-07,20000,0.43947720821193986,0.9999999954253449,0.2707138128839534,0.12174485477068596,-7.721134615524202e-05,1.0019062157614096,82,82,82,False,0.0,51.455086710138104,48.92831437433222,0.46826145768270233,0.53125,0.0,1.0459831898715224,-0.9998645967417407,False,False,False,False,False,transition,,50.0,256,0.4,42
0.8,0.3,1.0,100.0,2,uniform_noise,50.0,0.5,1.6666666666666684e-07,20000,0.4394511285337311,0.9999999974331247,0.27071382226646945,0.17469662474739162,-8.313490719553519e-05,1.0014292365550392,82,82,82,False,0.0,51.45553478178591,48.92781224180225,0.4684913495260807,0.53125,0.0,1.046921887207133,-0.9998056928480267,False,False,False,False,False,transition,,50.0,256,0.4,42
1.0,0.3,1.0,100.0,2,uniform_noise,50.0,0.5,1.3333333333333347e-07,20000,0.4394137690496405,0.9999999983612078,0.2707138266064071,0.22765439336159593,-8.669402106838336e-05,1.0011431286740562,82,82,82,False,0.0,51.455803746936844,48.92751073133347,0.46862940184805574,0.53125,0.0,1.047485565973928,-0.9997467687897549,False,False,False,False,False,transition,,50.0,256,0.4,42
1.2,0.3,1.0,100.0,2,uniform_noise,50.0,0.5,1.1111111111111124e-07,20000,0.43937076956234317,0.9999999988647101,0.27071382896235874,0.280615162863163,-8.906884001673562e-05,1.0009524232682645,82,82,82,False,0.0,51.45598310796339,48.92730962805469,0.46872148560684984,0.53125,0.0,1.0478615437718233,-0.9996878273655575,False,False,False,False,False,transition,,50.0,256,0.4,42
1.4,0.3,1.0,100.0,2,uniform_noise,50.0,0.5,9.523809523809535e-08,20000,0.43932454713834096,0.9999999991679295,0.2707138303820119,0.3335776480443241,-9.076615713788902e-05,1.0008162213723615,82,82,82,False,0.0,51.45611124793368,48.92716593566618,0.46878728367212974,0.53125,0.0,1.0481301934021907,-0.9996288697720569,False,False,False,False,False,transition,,50.0,256,0.4,42
1.7,0.3,1.0,100.0,2,uniform_noise,50.0,0.5,7.84313725490197e-08,20000,0.43925165873350347,0.9999999994377292,0.27071383164609636,0.41302326852364074,-9.256424151733231e-05,1.0006720223605259,82,82,82,False,0.0,51.45624694821811,48.92701374790652,0.4688569739756279,0.53125,0.0,1.0484147314170127,-0.9995404042911143,False,False,False,False,False,transition,,50.0,256,0.4,42
2.0,0.3,1.0,100.0,2,uniform_noise,50.0,0.5,6.666666666666673e-08,20000,0.4391762109129893,0.9999999995952292,0.2707138323846518,0.49247025209184897,-9.382346701333408e-05,1.0005710920852664,82,82,82,False,0.0,51.45634195229318,48.926907190225876,0.4689057705116131,0.53125,0.0,1.0486139603467104,-0.9994519047345903,False,False,False,False,False,transition,,50.0,256,0.4,42
0.1,0.4,1.0,100.0,2,uniform_noise,50.0,0.5,1.0000000000000006e-05,20000,0.42632386232831543,0.9999712753594386,0.27061451891332056,0.02192040481197113,-0.0005717317638324974,1.0868552225668489,82,81,82,False,0.0,51.37931984766453,49.00893596388454,0.4313596816108895,0.55078125,0.0,0.8948291127795122,-0.9999748681890266,False,False,False,False,False,transition,,50.0,256,0.4,42
0.2,0.4,1.0,100.0,2,uniform_noise,50.0,0.5,5.000000000000003e-06,20000,0.43074187240558764,0.9999622697114194,0.27066894513627776,0.0727803506503547,-0.0009965620869724448,1.0429456117427696,82,81,82,False,0.0,51.416782268961676,48.96903225321534,0.44937780109830466,0.546875,0.0,0.9687426082804454,-0.999917412958568,False,False,False,False,False,transition,,50.0,256,0.4,42
0.4,0.4,1.0,100.0,2,uniform_noise,50.0,0.5,2.5000000000000015e-06,20000,0.436436447332419,0.9999815511099109,0.2707041614122377,0.1765262552895749,-0.001235064727736185,1.0214710628998882,82,82,82,False,0.0,51.43623086729304,48.94777181277735,0.45904647969749823,0.53515625,0.0,1.0083181220034412,-0.9998023016007168,False,False,False,False,False,transition,,50.0,256,0.4,42
0.6,0.4,1.0,100.0,2,uniform_noise,50.0,0.5,1.666666666666668e-06,20000,0.43862335608416053,0.9999996885311727,0.27071259334890646,0.28072247199053874,-0.001318802405234208,1.014354461048623,82,82,82,False,0.0,51.44282396887724,48.94048037611044,0.462372888567628,0.52734375,0.0,1.021918705244206,-0.9996871758433697,False,False,False,False,False,transition,,50.0,256,0.4,42
0.8,0.4,1.0,100.0,2,uniform_noise,50.0,0.5,1.2500000000000007e-06,20000,0.43875760606448244,0.9999998567276875,0.27071316139039514,0.38503022469268205,-0.0013614994829463105,1.010752109905846,82,82,82,False,0.0,51.44614153355339,48.936795341124515,0.4640560120900263,0.52734375,0.0,1.028797464252163,-0.9995710713842689,False,False,False,False,False,transition,,50.0,256,0.4,42
1.0,0.4,1.0,100.0,2,uniform_noise,50.0,0.5,1.0000000000000006e-06,20000,0.4387927247946678,0.9999999087829625,0.2707134047301295,0.4893856034902555,-0.0013873872503359197,1.0085931694293613,82,82,82,False,0.0,51.448138841587934,48.93457161466973,0.46507232683001737,0.52734375,0.0,1.03295006766232,-0.9994548617854873,False,False,False,False,False,transition,,50.0,256,0.4,42
1.2,0.4,1.0,100.0,2,uniform_noise,50.0,0.5,8.33333333333334e-07,20000,0.4387855648455089,0.9999999369766528,0.2707135367523894,0.593764903238719,-0.001404759115660923,1.0071557463959235,82,82,82,False,0.0,51.449473211220926,48.93308380743724,0.46575256910537094,0.52734375,0.0,1.0357290872408975,-0.9993385804186975,False,False,False,False,False,transition,,50.0,256,0.4,42
1.4,0.4,1.0,100.0,2,uniform_noise,50.0,0.5,7.142857142857148e-07,20000,0.4387542430509266,0.9999999539293082,0.2707136162579088,0.6981579073154724,-0.001417223445358474,1.0061299314753187,82,82,82,False,0.0,51.450427722267726,48.9320184716642,0.46623978336990585,0.52734375,0.0,1.0377193191364598,-0.9992222371624753,False,False,False,False,False,transition,,50.0,256,0.4,42
1.7,0.4,1.0,100.0,2,uniform_noise,50.0,0.5,5.882352941176474e-07,20000,0.43868060904404704,0.9999999689875546,0.2707136869993629,0.8547625584893294,-0.0014304719386042898,1.005044606059399,82,82,82,False,0.0,51.45143964576446,48.93088808623784,0.46675686598733673,0.53125,0.0,1.0398313752733128,-0.9990476163984262,False,False,False,False,False,transition,,50.0,256,0.4,42
2.0,0.4,1.0,100.0,2,uniform_noise,50.0,0.5,5.000000000000003e-07,20000,0.43858778481125477,0.9999999777596208,0.2707137282918134,1.0113781317454298,-0.0014397771931222078,1.0042853870423845,82,82,82,False,0.0,51.45214876737932,48.93009535494821,0.4671195652454977,0.53125,0.0,1.0413127287775008,-0.9988728755169543,False,False,False,False,False,transition,,50.0,256,0.4,42
0.1,0.5,1.0,100.0,2,uniform_noise,50.0,0.5,8e-05,20000,0.3682967823630214,0.997253325870433,0.2659826303035766,0.16507757744920534,-0.018811617386164957,1.7748025025939538,82,60,82,False,0.0,50.99195795144163,49.29748947947958,0.2925319550136876,0.53515625,0.0,0.33283006799239634,-0.9997809188452722,True,False,False,False,False,transition -> inflation,,50.0,256,0.4,42
0.2,0.5,1.0,100.0,2,uniform_noise,50.0,0.5,4e-05,20000,0.4039126330387899,0.9995850862288885,0.26965128387515147,0.24252274593602913,-0.019602708683878287,1.3699778724545395,82,71,82,False,0.0,51.178377142915366,49.17962791147751,0.35198653050568285,0.54296875,0.0,0.5683207820534704,-0.9997065190608085,True,False,False,False,False,transition -> inflation,,50.0,256,0.4,42
0.4,0.5,1.0,100.0,2,uniform_noise,50.0,0.5,2e-05,20000,0.4187182484807106,0.9999090218548804,0.27042449649946737,0.4249776333586183,-0.020479027503854948,1.177528943037817,82,79,82,False,0.0,51.299270618918285,49.06876638286635,0.4000281706039704,0.55078125,0.0,0.7658203405203059,-0.9995039116302845,True,False,False,False,False,transition -> inflation,,50.0,256,0.4,42
0.6,0.5,1.0,100.0,2,uniform_noise,50.0,0.5,1.3333333333333335e-05,20000,0.4235889223466445,0.9999583388163735,0.27056671851038944,0.6144136140354582,-0.020907260061010634,1.116550157220741,82,80,82,False,0.0,51.34492716373727,49.023100426306115,0.42028813508909274,0.5546875,0.0,0.8492282818643626,-0.9992910247133899,False,False,False,True,False,transition -> thinning,,50.0,256,0.4,42
0.8,0.5,1.0,100.0,2,uniform_noise,50.0,0.5,1e-05,20000,0.4258910996231068,0.9999717567793688,0.2706152553585296,0.8056353479041487,-0.02115626771008309,1.0867634709148055,82,81,82,False,0.0,51.36889551198398,48.99829810779126,0.4313971896373851,0.55078125,0.0,0.8948921959414347,-0.9990753980403367,False,False,False,True,False,transition -> thinning,,50.0,256,0.4,42
1.0,0.5,1.0,100.0,2,uniform_noise,50.0,0.5,8.000000000000001e-06,20000,0.42717090200598645,0.9999706431027396,0.2706367112976879,0.9975875084292474,-0.021318396259648088,1.0690433779548625,82,81,82,False,0.0,51.38366078149546,48.98273611537444,0.4384033266597648,0.546875,0.0,0.9236563894140737,-0.998858530789826,False,False,False,True,False,transition -> thinning,,50.0,256,0.4,42
1.2,0.5,1.0,100.0,2,uniform_noise,50.0,0.5,6.6666666666666675e-06,20000,0.4281706870615128,0.9999680670862438,0.270650776237041,1.1899169900770186,-0.021432187883391116,1.0573443603114325,82,81,82,False,0.0,51.39366912802162,48.972065375837126,0.443222815958546,0.546875,0.0,0.9434259450806071,-0.9986416409059957,False,False,False,True,False,transition -> thinning,,50.0,256,0.4,42
1.4,0.5,1.0,100.0,2,uniform_noise,50.0,0.5,5.714285714285715e-06,20000,0.42902217269252296,0.9999651748958063,0.27066109813224726,1.3824605768881746,-0.021516398289418807,1.0490437956919756,82,81,82,False,0.0,51.400900211948915,48.964294309432006,0.4467403690265167,0.546875,0.0,0.9578456557927394,-0.9984249734520337,False,False,False,True,False,transition -> thinning,,50.0,256,0.4,42
1.7,0.5,1.0,100.0,2,uniform_noise,50.0,0.5,4.705882352941177e-06,20000,0.43015333526723204,0.9999618217447549,0.27067287646981414,1.671507980146614,-0.021608323554652295,1.0403056119513334,82,81,82,False,0.0,51.40863246485827,48.955927748325806,0.45053460004068335,0.546875,0.0,0.9733904901623356,-0.9981006717816172,False,False,False,True,False,transition -> thinning,,50.0,256,0.4,42
2.0,0.5,1.0,100.0,2,uniform_noise,50.0,0.5,4.000000000000001e-06,20000,0.43118029969819033,0.9999608302581934,0.270682002735283,1.960717654065404,-0.02167441212702126,1.034219828638256,82,82,82,False,0.0,51.41409198610356,48.94998498592297,0.45323405740230965,0.546875,0.0,0.9844442116668696,-0.9977773503572915,False,False,False,True,False,transition -> thinning,,50.0,256,0.4,42
0.1,0.6,1.0,100.0,2,uniform_noise,50.0,0.5,0.0006666666666666664,20000,0.13432918022569457,0.9195613101273912,0.17420458264408165,3.586374431640297,-0.32274061292149375,7.16620823292795,82,20,82,False,0.0,50.14539489116763,49.43082720773206,0.1444043693171902,0.53125,0.0,0.023661086904416255,-0.9869503105060564,True,False,True,False,False,transition -> inflation -> residual_gradient,,50.0,256,0.4,42
0.2,0.6,1.0,100.0,2,uniform_noise,50.0,0.5,0.0003333333333333332,20000,0.21556421572451484,0.9632393100142095,0.22172378512084334,2.7611001549116523,-0.3227898076728246,4.31565790795755,82,29,82,False,0.0,50.378499747719694,49.313790579147195,0.18437595033150234,0.51953125,0.0,0.0579260092103242,-0.9937393357653973,True,False,True,False,False,transition -> inflation -> residual_gradient,,50.0,256,0.4,42
0.4,0.6,1.0,100.0,2,uniform_noise,50.0,0.5,0.0001666666666666666,20000,0.3009997108945232,0.9882389512640574,0.2525909621781885,2.422454982177693,-0.3229367162084676,2.683015057160092,82,40,82,False,0.0,50.594526847288506,49.21019091634646,0.23232013946721608,0.5,0.0,0.14121403230026114,-0.9960662698773717,True,False,True,False,False,transition -> inflation -> residual_gradient,,50.0,256,0.4,42
0.6,0.6,1.0,100.0,2,uniform_noise,50.0,0.5,0.00011111111111111108,20000,0.34222430800045184,0.9947298759719084,0.26185169220819987,2.5041531817285723,-0.3231305880980046,2.103348806362807,82,47,82,False,0.0,50.726609788501975,49.16565355908824,0.26450024830340485,0.54296875,0.0,0.23315974992052477,-0.9964234445407069,True,False,True,False,False,transition -> inflation -> residual_gradient,,50.0,256,0.4,42
0.8,0.6,1.0,100.0,2,uniform_noise,50.0,0.5,8.33333333333333e-05,20000,0.36550343897068976,0.9970493644225076,0.2656271831901039,2.711745957063088,-0.3233459816494629,1.8102419189081682,82,60,82,False,0.0,50.82308581375637,49.143301249652595,0.28905569105335244,0.5390625,0.0,0.3189918026588018,-0.9963736270996216,True,False,False,False,False,transition -> inflation,,50.0,256,0.4,42
1.0,0.6,1.0,100.0,2,uniform_noise,50.0,0.5,6.666666666666663e-05,20000,0.3808616277287623,0.9983674791904827,0.26758053330991804,2.973499388829619,-0.32356124103769673,1.638363607585605,82,62,82,False,0.0,50.89160094666485,49.12706134770963,0.3086244456592276,0.53515625,0.0,0.3933529653288919,-0.9961839367744304,True,False,False,False,False,transition -> inflation,,50.0,256,0.4,42
1.2,0.6,1.0,100.0,2,uniform_noise,50.0,0.5,5.555555555555554e-05,20000,0.39100093359814275,0.9990806361639795,0.268644603308173,3.2606994533431792,-0.3237646873968358,1.5262611175236225,82,66,82,False,0.0,50.94273146513997,49.088625103412795,0.32456887949481916,0.546875,0.0,0.4562957343408787,-0.9959238711520615,True,False,False,False,False,transition -> inflation,,50.0,256,0.4,42
1.4,0.6,1.0,100.0,2,uniform_noise,50.0,0.5,4.76190476190476e-05,20000,0.3974933379277376,0.9993866778257817,0.26922548853964307,3.5623278564497944,-0.32395168002115,1.4462290348399147,82,69,82,False,0.0,50.98232484578877,49.05710878263402,0.3377730495802039,0.5390625,0.0,0.5094233440475195,-0.9956195476506209,True,False,False,False,False,transition -> inflation,,50.0,256,0.4,42
1.7,0.6,1.0,100.0,2,uniform_noise,50.0,0.5,3.921568627450979e-05,20000,0.404146453066174,0.9996328228627152,0.2697316246139777,4.03298581888389,-0.32419977491200247,1.3617694121327473,82,72,82,False,0.0,51.02736341746637,49.01937289967609,0.3537560831158449,0.54296875,0.0,0.5744861489144538,-0.9951224374092532,True,False,False,True,False,transition -> thinning -> inflation,,50.0,256,0.4,42
2.0,0.6,1.0,100.0,2,uniform_noise,50.0,0.5,3.3333333333333315e-05,20000,0.4086352053730468,0.9997776866921823,0.27002243664498315,4.516605134793746,-0.3244120857597683,1.3041918408350932,82,75,82,False,0.0,51.060979515900534,48.98989079289179,0.3663799368697319,0.55078125,0.0,0.6262277417393468,-0.994597543582991,True,False,False,True,False,transition -> thinning -> inflation,,50.0,256,0.4,42
0.1,0.7,1.0,100.0,2,uniform_noise,50.0,0.5,0.005714285714285709,20000,0.023832800093341773,0.812263187847167,0.05169460284063527,254.30291247144393,-4.85890220503874,48.72216522970474,82,6,82,False,0.0,47.62395059020397,47.34152665341234,0.06758412738972013,0.46875,0.0,0.0011777726665607685,4.215453269774793,False,False,True,False,False,transition -> residual_gradient,,50.0,256,0.4,42
0.2,0.7,1.0,100.0,2,uniform_noise,50.0,0.5,0.0028571428571428545,20000,0.04337222876566764,0.8535105939465855,0.08252782569628836,142.80233569020862,-4.8588965975375515,26.24307863257805,82,11,82,False,0.0,47.663498259866984,47.26925790029107,0.08468518337130918,0.453125,0.0,0.00320020023584491,0.6093089773893099,True,False,True,False,False,transition -> inflation -> residual_gradient,,50.0,256,0.4,42
0.4,0.7,1.0,100.0,2,uniform_noise,50.0,0.5,0.0014285714285714273,20000,0.07600180430832303,0.8842818235376779,0.12235939648472219,85.13028835052121,-4.858902107107937,13.898171380949115,82,14,82,False,0.0,47.70187519812528,47.184478646311284,0.1088381745868747,0.51171875,0.0,0.008261763557399368,-0.45251011646288086,True,False,True,False,False,transition -> inflation -> residual_gradient,,50.0,256,0.4,42
0.6,0.7,1.0,100.0,2,uniform_noise,50.0,0.5,0.0009523809523809515,20000,0.10403182147698112,0.9027756753240649,0.14926215596795103,66.18060905855702,-4.858911919646878,9.804043149845095,82,18,82,False,0.0,47.72313857158148,47.145732650376665,0.12645851157327512,0.52734375,0.0,0.014096614238289219,-0.6890572282983303,True,False,True,False,False,transition -> inflation -> residual_gradient,,50.0,256,0.4,42
0.8,0.7,1.0,100.0,2,uniform_noise,50.0,0.5,0.0007142857142857136,20000,0.12921474084884738,0.9176810429313578,0.16951178767327113,56.937627620843486,-4.858923426172648,7.734213695943368,82,18,82,False,0.0,47.78972676090502,47.11959411385335,0.14047826360628282,0.515625,0.0,0.020618832441154342,-0.784621067090624,True,False,True,False,False,transition -> inflation -> residual_gradient,,50.0,256,0.4,42
1.0,0.7,1.0,100.0,2,uniform_noise,50.0,0.5,0.0005714285714285708,20000,0.15232536854738798,0.9313344251231106,0.18563780462142213,51.54533373400043,-4.858936118335774,6.4946492953860515,82,20,82,False,0.0,47.85840749162334,47.08083712385426,0.1522483358707235,0.5234375,0.0,0.027654210725279016,-0.8346009404795298,True,False,True,False,False,transition -> inflation -> residual_gradient,,50.0,256,0.4,42
1.2,0.7,1.0,100.0,2,uniform_noise,50.0,0.5,0.00047619047619047576,20000,0.17350433321312045,0.94348563537938,0.19874817848977078,47.953663429991344,-4.858949769791325,5.6845870000021215,82,23,82,False,0.0,47.91906055501493,47.049265106844764,0.16246591114099987,0.515625,0.0,0.03506002034098328,-0.8649086987667117,True,False,True,False,False,transition -> inflation -> residual_gradient,,50.0,256,0.4,42
1.4,0.7,1.0,100.0,2,uniform_noise,50.0,0.5,0.0004081632653061221,20000,0.19242264291358754,0.9528038239486396,0.20926876565549893,45.25898538414104,-4.858964239564365,5.082088301459037,82,25,82,False,0.0,47.972602933803934,47.02281749838291,0.17153245055290514,0.49609375,0.0,0.0427608012332029,-0.8850352869280618,True,False,True,False,False,transition -> inflation -> residual_gradient,,50.0,256,0.4,42
1.7,0.7,1.0,100.0,2,uniform_noise,50.0,0.5,0.0003361344537815123,20000,0.2175455463287867,0.9639898693229907,0.22169068012113524,42.42373865777421,-4.858987289305392,4.418561328728616,82,28,82,False,0.0,48.041351153523465,46.98998543840983,0.1835104743507694,0.515625,0.0,0.05480580122442104,-0.9046820561995557,True,False,True,False,False,transition -> inflation -> residual_gradient,,50.0,256,0.4,42
2.0,0.7,1.0,100.0,2,uniform_noise,50.0,0.5,0.0002857142857142854,20000,0.23904582206242136,0.9722494890857737,0.23104446289204988,40.45971097175879,-4.859011811366351,3.9451295263618755,82,31,82,False,0.0,48.098428105514664,46.96309849305173,0.19401511086830772,0.5078125,0.0,0.06743114328616322,-0.9172710442145756,True,False,True,False,False,transition -> inflation -> residual_gradient,,50.0,256,0.4,42
0.1,0.8,1.0,100.0,2,uniform_noise,50.0,0.5,0.050000000000000044,20000,0.002688181650887571,0.5982751055222146,0.009134474749530023,15013.501778804626,-80.16714897411087,259.8542925946179,82,2,82,False,0.0,8.676093840863611,8.574031439260043,0.030851530512614946,0.49609375,0.0,5.402955570136828e-05,2728.939018327147,False,False,True,False,False,transition -> residual_gradient,,50.0,256,0.4,42
0.2,0.8,1.0,100.0,2,uniform_noise,50.0,0.5,0.025000000000000022,20000,0.005339918769785271,0.626250117328699,0.014583720049977171,11436.625456061249,-80.16720381290925,142.1523756870404,82,2,82,False,0.0,8.708176717953643,8.544092047720595,0.047364980699975245,0.5,0.0,0.0001109086186154464,1045.8715645239831,False,False,True,False,False,transition -> residual_gradient,,50.0,256,0.4,42
0.4,0.8,1.0,100.0,2,uniform_noise,50.0,0.5,0.012500000000000011,20000,0.011394616749366898,0.7167649528664739,0.025682306881415515,9609.943945420207,-80.16725968971384,94.82388320363233,82,3,82,False,0.0,8.7366273941758,8.510013583709465,0.06276023253287806,0.546875,0.0,0.00021935396093535024,411.24138288304835,False,False,True,False,False,transition -> residual_gradient,,50.0,256,0.4,42
0.6,0.8,1.0,100.0,2,uniform_noise,50.0,0.5,0.008333333333333344,20000,0.017489966287954184,0.7679153960944233,0.03595269337493255,8186.891880856534,-80.1672981681742,74.17536165586267,82,3,82,False,0.0,8.750837583997443,8.487748418267827,0.07094506627200414,0.44921875,0.0,0.00037002592712827206,227.80243210416444,False,False,True,False,False,transition -> residual_gradient,,50.0,256,0.4,42
0.8,0.8,1.0,100.0,2,uniform_noise,50.0,0.5,0.0062500000000000056,20000,0.023419609740942093,0.799482500798421,0.04534401008505911,7064.088551355793,-80.16733097949117,60.71528131115929,82,4,82,False,0.0,8.76581732984665,8.471054249691086,0.0768103243810957,0.484375,0.0,0.0005659377277035982,146.43720341667245,False,False,True,False,False,transition -> residual_gradient,,50.0,256,0.4,42
1.0,0.8,1.0,100.0,2,uniform_noise,50.0,0.5,0.005000000000000005,20000,0.029227271623343556,0.8236282482068711,0.05407310849414244,6237.195308246785,-80.16736103813129,51.577714673632755,82,4,82,False,0.0,8.783009667987573,8.457746009979381,0.08166503560360984,0.484375,0.0,0.0007910831757992588,103.3113825120404,False,False,True,False,False,transition -> residual_gradient,,50.0,256,0.4,42
1.2,0.8,1.0,100.0,2,uniform_noise,50.0,0.5,0.004166666666666672,20000,0.03485946757226128,0.842155951623416,0.0621392848174316,5577.45708322006,-80.16738938647339,45.31425804310261,82,4,82,False,0.0,8.797428589249208,8.447013443284126,0.08596353665558978,0.49609375,0.0,0.0010345251876117153,77.20709262240366,False,False,True,False,False,transition -> residual_gradient,,50.0,256,0.4,42
1.4,0.8,1.0,100.0,2,uniform_noise,50.0,0.5,0.0035714285714285757,20000,0.040263328391025276,0.8556709811186284,0.06953640332209916,5020.86803369862,-80.16741650082254,40.37225419119601,82,5,82,False,0.0,8.809792592268481,8.438126955754456,0.08989272742450938,0.48046875,0.0,0.001292579188077315,59.95366182651643,True,False,True,False,False,transition -> inflation -> residual_gradient,,50.0,256,0.4,42
1.7,0.8,1.0,100.0,2,uniform_noise,50.0,0.5,0.0029411764705882387,20000,0.047957941360285854,0.8701829210805643,0.07947692945384015,4347.3704500561025,-80.16745541280318,34.63480777524445,82,6,82,False,0.0,8.82553385857363,8.426939627447288,0.09528570051639827,0.46875,0.0,0.0017071316077550123,43.30949491664528,True,False,True,False,False,transition -> inflation -> residual_gradient,,50.0,256,0.4,42
2.0,0.8,1.0,100.0,2,uniform_noise,50.0,0.5,0.0025000000000000027,20000,0.05522548130591807,0.8801396756556042,0.08830178064972341,3821.1454085109394,-80.16749266728685,30.25277450086281,82,6,82,False,0.0,8.838798373730969,8.416723139386928,0.1002237406535445,0.4921875,0.0,0.0021563616930408915,32.820867911950806,True,False,True,False,False,transition -> inflation -> residual_gradient,,50.0,256,0.4,42
0.1,0.9,1.0,100.0,2,uniform_noise,50.0,0.5,0.2,20000,0.005604800415847911,0.5960336116831093,0.02809996692411559,28323.893588758252,-100.0,inf,80,0,80,False,0.0,0.0,0.0,0.0,0.0,0.0,0.0,2469.6354537937227,False,False,True,True,False,transition -> residual_gradient -> thinning,,50.0,256,0.4,42
0.2,0.9,1.0,100.0,2,uniform_noise,50.0,0.5,0.2,20000,0.015135148409474239,0.7518000687280376,0.0935635058791015,32063.52674787171,-99.99999999999999,inf,80,0,80,False,0.0,0.0,0.0,0.0,0.0,0.0,0.0,1034.9678764300575,False,False,True,True,False,transition -> residual_gradient -> thinning,,50.0,256,0.4,42
0.4,0.9,1.0,100.0,2,uniform_noise,50.0,0.5,0.11111111111111116,20000,0.025453688612467062,0.7856007481138202,0.10999185121036438,19189.361795336,-100.0,inf,81,0,81,False,0.0,0.0,0.0,0.0,0.0,0.0,0.0,367.6864105312733,False,False,True,True,False,transition -> residual_gradient -> thinning,,50.0,256,0.4,42
0.6,0.9,1.0,100.0,2,uniform_noise,50.0,0.5,0.07407407407407411,20000,0.036187603262467345,0.8168526662559845,0.12523613774038186,16273.380559550209,-100.0,inf,82,0,82,False,0.0,0.0,0.0,0.0,0.0,0.0,0.0,218.92073165412918,False,False,True,True,False,transition -> residual_gradient -> thinning,,50.0,256,0.4,42
0.8,0.9,1.0,100.0,2,uniform_noise,50.0,0.5,0.05555555555555558,20000,0.04610108834006697,0.8380186031769844,0.13683636303630067,14073.548502124082,-100.0,inf,82,0,82,False,0.0,0.0,0.0,0.0,0.0,0.0,0.0,148.29356543587227,False,False,True,True,False,transition -> residual_gradient -> thinning,,50.0,256,0.4,42
1.0,0.9,1.0,100.0,2,uniform_noise,50.0,0.5,0.04444444444444447,20000,0.055404544291199787,0.8539647372283754,0.14606597716841674,12507.071552911026,-100.0,inf,82,0,82,False,0.0,0.0,0.0,0.0,0.0,0.0,0.0,109.3974817662859,False,False,True,True,False,transition -> residual_gradient -> thinning,,50.0,256,0.4,42
1.2,0.9,1.0,100.0,2,uniform_noise,50.0,0.5,0.037037037037037056,20000,0.06408917470002717,0.8666702632717727,0.15393916380414377,11144.059301879055,-99.99999999999999,inf,82,0,82,False,0.0,0.0,0.0,0.0,0.0,0.0,0.0,84.03698075736854,False,False,True,True,False,transition -> residual_gradient -> thinning,,50.0,256,0.4,42
1.4,0.9,1.0,100.0,2,uniform_noise,50.0,0.5,0.031746031746031765,20000,0.07226121283016529,0.8763087075878668,0.160494125575869,10005.01354821148,-100.0,inf,82,0,82,False,0.0,0.0,0.0,0.0,0.0,0.0,0.0,66.71137886371824,False,False,True,True,False,transition -> residual_gradient -> thinning,,50.0,256,0.4,42
1.7,0.9,1.0,100.0,2,uniform_noise,50.0,0.5,0.026143790849673217,20000,0.08380834064862237,0.887893233849428,0.16877171004079297,8690.932601268058,-100.0,inf,82,0,82,False,0.0,0.0,0.0,0.0,0.0,0.0,0.0,49.714073659278846,False,False,True,True,False,transition -> residual_gradient -> thinning,,50.0,256,0.4,42
2.0,0.9,1.0,100.0,2,uniform_noise,50.0,0.5,0.022222222222222233,20000,0.09427362570092761,0.8949125938174766,0.17514318114508284,7538.786703395184,-100.0,inf,82,0,82,False,0.0,0.0,0.0,0.0,0.0,0.0,0.0,38.107557875173654,False,False,True,True,False,transition -> residual_gradient -> thinning,,50.0,256,0.4,42
